"UUID","Busyness","Past Frequency of Asking","Past Frequency of Helping Accurately","Human Response","Prosociality"
138,"free time",0.2,0.0,0,5.0
138,"high",0.2,0.0,0,5.0
138,"medium",0.2,0.0,0,5.0
137,"medium",0.4,1.0,0,3.4375
137,"free time",0.4,0.5,1,3.4375
137,"free time",0.4,0.5,0,3.4375
137,"high",0.4,0.5,0,3.4375
137,"high",0.4,0.0,1,3.4375
137,"medium",0.4,0.5,0,3.4375
136,"high",1.0,0.6,0,3.0625
136,"medium",1.0,0.4,0,3.0625
136,"high",1.0,0.4,0,3.0625
136,"medium",1.0,0.2,0,3.0625
136,"free time",1.0,0.2,0,3.0625
136,"medium",1.0,0.0,0,3.0625
136,"free time",1.0,0.0,0,3.0625
136,"medium",1.0,0.0,0,3.0625
136,"free time",1.0,0.0,1,3.0625
136,"high",1.0,0.2,0,3.0625
136,"free time",1.0,0.2,1,3.0625
136,"high",1.0,0.4,0,3.0625
136,"free time",1.0,0.4,1,3.0625
136,"high",1.0,0.6,0,3.0625
136,"medium",1.0,0.4,0,3.0625
140,"high",0.8,0.75,0,4.625
140,"medium",0.8,0.5,1,4.625
140,"high",0.8,0.75,0,4.625
140,"free time",0.8,0.5,1,4.625
140,"medium",0.8,0.5,0,4.625
140,"free time",0.8,0.5,1,4.625
140,"medium",0.8,0.5,1,4.625
140,"high",0.8,0.75,0,4.625
140,"free time",0.8,0.5,1,4.625
140,"high",0.8,0.75,0,4.625
140,"free time",0.8,0.5,1,4.625
140,"medium",0.8,0.5,1,4.625
142,"high",1.0,0.6,1,4.125
142,"medium",1.0,0.6,0,4.125
142,"high",1.0,0.6,0,4.125
142,"medium",1.0,0.4,1,4.125
142,"free time",1.0,0.6,0,4.125
142,"medium",1.0,0.4,1,4.125
142,"free time",1.0,0.4,1,4.125
142,"medium",1.0,0.6,1,4.125
142,"free time",1.0,0.8,1,4.125
142,"high",1.0,0.8,0,4.125
142,"free time",1.0,0.8,1,4.125
142,"high",1.0,0.8,0,4.125
142,"free time",1.0,0.6,1,4.125
142,"high",1.0,0.6,0,4.125
142,"medium",1.0,0.4,0,4.125
141,"free time",0.2,1.0,1,4.0
141,"high",0.2,1.0,1,4.0
141,"medium",0.2,1.0,1,4.0
143,"high",0.8,0.0,0,2.3125
143,"medium",0.8,0.0,0,2.3125
143,"high",0.8,0.0,0,2.3125
143,"free time",0.8,0.0,1,2.3125
143,"medium",0.8,0.25,0,2.3125
143,"free time",0.8,0.25,1,2.3125
143,"medium",0.8,0.5,0,2.3125
143,"high",0.8,0.5,0,2.3125
143,"free time",0.8,0.25,1,2.3125
143,"high",0.8,0.5,0,2.3125
143,"free time",0.8,0.25,1,2.3125
143,"medium",0.8,0.5,0,2.3125
144,"medium",0.6,0.6666666666666666,0,3.9375
144,"high",0.6,0.6666666666666666,0,3.9375
144,"free time",0.6,0.3333333333333333,1,3.9375
144,"free time",0.6,0.3333333333333333,1,3.9375
144,"medium",0.6,0.6666666666666666,0,3.9375
144,"high",0.6,0.6666666666666666,1,3.9375
144,"high",0.6,0.6666666666666666,1,3.9375
144,"free time",0.6,0.6666666666666666,1,3.9375
144,"medium",0.6,1.0,0,3.9375
146,"medium",0.4,0.5,0,3.8125
146,"free time",0.4,0.5,1,3.8125
146,"free time",0.4,0.5,1,3.8125
146,"high",0.4,1.0,0,3.8125
146,"high",0.4,0.5,0,3.8125
146,"medium",0.4,0.0,0,3.8125
147,"free time",0.2,1.0,0,4.125
147,"high",0.2,0.0,0,4.125
147,"medium",0.2,0.0,1,4.125
149,"high",1.0,0.4,0,3.375
149,"medium",1.0,0.4,1,3.375
149,"high",1.0,0.6,0,3.375
149,"medium",1.0,0.4,0,3.375
149,"free time",1.0,0.4,0,3.375
149,"medium",1.0,0.2,0,3.375
149,"free time",1.0,0.2,0,3.375
149,"medium",1.0,0.0,0,3.375
149,"free time",1.0,0.0,1,3.375
149,"high",1.0,0.2,0,3.375
149,"free time",1.0,0.2,0,3.375
149,"high",1.0,0.2,0,3.375
149,"free time",1.0,0.2,1,3.375
149,"high",1.0,0.4,0,3.375
149,"medium",1.0,0.2,0,3.375
153,"free time",0.2,0.0,0,3.6875
153,"high",0.2,0.0,0,3.6875
153,"medium",0.2,0.0,0,3.6875
156,"high",0.8,0.75,0,4.3125
156,"medium",0.8,0.5,1,4.3125
156,"high",0.8,0.75,0,4.3125
156,"free time",0.8,0.5,1,4.3125
156,"medium",0.8,0.5,1,4.3125
156,"free time",0.8,0.75,0,4.3125
156,"medium",0.8,0.5,1,4.3125
156,"high",0.8,0.75,0,4.3125
156,"free time",0.8,0.5,1,4.3125
156,"high",0.8,0.5,0,4.3125
156,"free time",0.8,0.5,1,4.3125
156,"medium",0.8,0.5,1,4.3125
157,"medium",0.4,0.0,0,3.1875
157,"free time",0.4,0.0,1,3.1875
157,"free time",0.4,0.5,1,3.1875
157,"high",0.4,1.0,0,3.1875
157,"high",0.4,0.5,0,3.1875
157,"medium",0.4,0.0,0,3.1875
167,"medium",0.6,0.6666666666666666,0,4.0
167,"high",0.6,0.6666666666666666,0,4.0
167,"free time",0.6,0.3333333333333333,1,4.0
167,"free time",0.6,0.3333333333333333,1,4.0
167,"medium",0.6,0.6666666666666666,1,4.0
167,"high",0.6,1.0,0,4.0
167,"high",0.6,0.6666666666666666,0,4.0
167,"free time",0.6,0.3333333333333333,1,4.0
167,"medium",0.6,0.3333333333333333,1,4.0
166,"high",1.0,0.0,0,4.25
166,"medium",1.0,0.0,0,4.25
166,"high",1.0,0.0,0,4.25
166,"medium",1.0,0.0,0,4.25
166,"free time",1.0,0.0,0,4.25
166,"medium",1.0,0.0,0,4.25
166,"free time",1.0,0.0,0,4.25
166,"medium",1.0,0.0,0,4.25
166,"free time",1.0,0.0,0,4.25
166,"high",1.0,0.0,0,4.25
166,"free time",1.0,0.0,0,4.25
166,"high",1.0,0.0,0,4.25
166,"free time",1.0,0.0,0,4.25
166,"high",1.0,0.0,0,4.25
166,"medium",1.0,0.0,0,4.25
170,"high",1.0,0.0,0,4.375
170,"medium",1.0,0.0,0,4.375
170,"high",1.0,0.0,0,4.375
170,"medium",1.0,0.0,0,4.375
170,"free time",1.0,0.0,0,4.375
170,"medium",1.0,0.0,0,4.375
170,"free time",1.0,0.0,0,4.375
170,"medium",1.0,0.0,0,4.375
170,"free time",1.0,0.0,0,4.375
170,"high",1.0,0.0,0,4.375
170,"free time",1.0,0.0,0,4.375
170,"high",1.0,0.0,0,4.375
170,"free time",1.0,0.0,0,4.375
170,"high",1.0,0.0,0,4.375
170,"medium",1.0,0.0,0,4.375
179,"medium",0.6,1.0,1,3.625
179,"high",0.6,1.0,1,3.625
179,"free time",0.6,1.0,1,3.625
179,"free time",0.6,1.0,1,3.625
179,"medium",0.6,1.0,1,3.625
179,"high",0.6,1.0,1,3.625
179,"high",0.6,1.0,1,3.625
179,"free time",0.6,1.0,1,3.625
179,"medium",0.6,1.0,1,3.625
186,"medium",0.4,0.0,0,4.125
186,"free time",0.4,0.0,1,4.125
186,"free time",0.4,0.5,1,4.125
186,"high",0.4,1.0,1,4.125
186,"high",0.4,1.0,0,4.125
186,"medium",0.4,0.5,0,4.125
189,"medium",0.4,0.0,0,3.9375
189,"free time",0.4,0.0,0,3.9375
189,"free time",0.4,0.0,1,3.9375
189,"high",0.4,0.5,0,3.9375
189,"high",0.4,0.5,0,3.9375
189,"medium",0.4,0.0,1,3.9375
191,"medium",0.6,0.3333333333333333,0,3.6875
191,"high",0.6,0.3333333333333333,0,3.6875
191,"free time",0.6,0.0,0,3.6875
191,"free time",0.6,0.0,1,3.6875
191,"medium",0.6,0.3333333333333333,0,3.6875
191,"high",0.6,0.3333333333333333,0,3.6875
191,"high",0.6,0.3333333333333333,0,3.6875
191,"free time",0.6,0.0,1,3.6875
191,"medium",0.6,0.3333333333333333,0,3.6875
187,"high",0.8,0.5,0,3.625
187,"medium",0.8,0.25,1,3.625
187,"high",0.8,0.5,0,3.625
187,"free time",0.8,0.5,0,3.625
187,"medium",0.8,0.25,1,3.625
187,"free time",0.8,0.5,0,3.625
187,"medium",0.8,0.25,1,3.625
187,"high",0.8,0.5,0,3.625
187,"free time",0.8,0.5,0,3.625
187,"high",0.8,0.25,0,3.625
187,"free time",0.8,0.25,0,3.625
187,"medium",0.8,0.0,0,3.625
193,"high",0.8,0.25,0,4.375
193,"medium",0.8,0.0,0,4.375
193,"high",0.8,0.0,0,4.375
193,"free time",0.8,0.0,1,4.375
193,"medium",0.8,0.25,1,4.375
193,"free time",0.8,0.5,1,4.375
193,"medium",0.8,0.75,1,4.375
193,"high",0.8,1.0,1,4.375
193,"free time",0.8,1.0,1,4.375
193,"high",0.8,1.0,1,4.375
193,"free time",0.8,1.0,1,4.375
193,"medium",0.8,1.0,1,4.375
196,"high",1.0,0.8,0,4.25
196,"medium",1.0,0.6,1,4.25
196,"high",1.0,0.8,0,4.25
196,"medium",1.0,0.6,1,4.25
196,"free time",1.0,0.6,1,4.25
196,"medium",1.0,0.6,1,4.25
196,"free time",1.0,0.8,1,4.25
196,"medium",1.0,0.8,1,4.25
196,"free time",1.0,1.0,1,4.25
196,"high",1.0,1.0,0,4.25
196,"free time",1.0,0.8,1,4.25
196,"high",1.0,0.8,0,4.25
196,"free time",1.0,0.6,1,4.25
196,"high",1.0,0.6,0,4.25
196,"medium",1.0,0.4,1,4.25
203,"medium",0.4,0.5,1,4.375
203,"free time",0.4,1.0,1,4.375
203,"free time",0.4,1.0,1,4.375
203,"high",0.4,1.0,0,4.375
203,"high",0.4,0.5,1,4.375
203,"medium",0.4,0.5,1,4.375
201,"free time",0.2,1.0,1,4.125
201,"high",0.2,1.0,0,4.125
201,"medium",0.2,0.0,1,4.125
202,"medium",0.6,0.6666666666666666,0,3.5
202,"high",0.6,0.6666666666666666,0,3.5
202,"free time",0.6,0.3333333333333333,0,3.5
202,"free time",0.6,0.0,0,3.5
202,"medium",0.6,0.0,0,3.5
202,"high",0.6,0.0,0,3.5
202,"high",0.6,0.0,0,3.5
202,"free time",0.6,0.0,0,3.5
202,"medium",0.6,0.0,0,3.5
209,"medium",0.4,0.0,0,3.375
209,"free time",0.4,0.0,1,3.375
209,"free time",0.4,0.5,1,3.375
209,"high",0.4,1.0,0,3.375
209,"high",0.4,0.5,0,3.375
209,"medium",0.4,0.0,0,3.375
205,"high",1.0,0.0,0,3.875
205,"medium",1.0,0.0,0,3.875
205,"high",1.0,0.0,0,3.875
205,"medium",1.0,0.0,0,3.875
205,"free time",1.0,0.0,0,3.875
205,"medium",1.0,0.0,0,3.875
205,"free time",1.0,0.0,0,3.875
205,"medium",1.0,0.0,0,3.875
205,"free time",1.0,0.0,0,3.875
205,"high",1.0,0.0,0,3.875
205,"free time",1.0,0.0,0,3.875
205,"high",1.0,0.0,0,3.875
205,"free time",1.0,0.0,0,3.875
205,"high",1.0,0.0,0,3.875
205,"medium",1.0,0.0,0,3.875
232,"high",0.8,1.0,0,2.6875
232,"medium",0.8,0.75,1,2.6875
232,"high",0.8,0.75,0,2.6875
232,"free time",0.8,0.5,1,2.6875
232,"medium",0.8,0.5,1,2.6875
232,"free time",0.8,0.75,1,2.6875
232,"medium",0.8,0.75,1,2.6875
232,"high",0.8,1.0,0,2.6875
232,"free time",0.8,0.75,1,2.6875
232,"high",0.8,0.75,0,2.6875
232,"free time",0.8,0.5,1,2.6875
232,"medium",0.8,0.5,1,2.6875
228,"free time",0.2,0.0,0,4.0625
228,"high",0.2,0.0,0,4.0625
228,"medium",0.2,0.0,0,4.0625
234,"high",0.8,0.25,0,3.0
234,"medium",0.8,0.0,0,3.0
234,"high",0.8,0.0,0,3.0
234,"free time",0.8,0.0,1,3.0
234,"medium",0.8,0.25,0,3.0
234,"free time",0.8,0.25,1,3.0
234,"medium",0.8,0.5,0,3.0
234,"high",0.8,0.5,0,3.0
234,"free time",0.8,0.25,1,3.0
234,"high",0.8,0.5,0,3.0
234,"free time",0.8,0.25,1,3.0
234,"medium",0.8,0.5,0,3.0
236,"medium",0.6,0.3333333333333333,0,3.5625
236,"high",0.6,0.0,0,3.5625
236,"free time",0.6,0.0,0,3.5625
236,"free time",0.6,0.0,0,3.5625
236,"medium",0.6,0.0,0,3.5625
236,"high",0.6,0.0,0,3.5625
236,"high",0.6,0.0,0,3.5625
236,"free time",0.6,0.0,0,3.5625
236,"medium",0.6,0.0,0,3.5625
240,"high",1.0,0.4,0,3.8125
240,"medium",1.0,0.2,0,3.8125
240,"high",1.0,0.2,0,3.8125
240,"medium",1.0,0.0,0,3.8125
240,"free time",1.0,0.0,1,3.8125
240,"medium",1.0,0.2,0,3.8125
240,"free time",1.0,0.2,1,3.8125
240,"medium",1.0,0.4,0,3.8125
240,"free time",1.0,0.4,1,3.8125
240,"high",1.0,0.6,0,3.8125
240,"free time",1.0,0.4,1,3.8125
240,"high",1.0,0.6,0,3.8125
240,"free time",1.0,0.4,1,3.8125
240,"high",1.0,0.6,0,3.8125
240,"medium",1.0,0.4,0,3.8125
244,"free time",0.2,1.0,1,2.375
244,"high",0.2,1.0,0,2.375
244,"medium",0.2,0.0,1,2.375
242,"medium",0.6,0.6666666666666666,0,4.25
242,"high",0.6,0.6666666666666666,0,4.25
242,"free time",0.6,0.3333333333333333,1,4.25
242,"free time",0.6,0.3333333333333333,1,4.25
242,"medium",0.6,0.6666666666666666,1,4.25
242,"high",0.6,1.0,0,4.25
242,"high",0.6,0.6666666666666666,0,4.25
242,"free time",0.6,0.3333333333333333,1,4.25
242,"medium",0.6,0.3333333333333333,0,4.25
243,"medium",0.4,1.0,1,3.75
243,"free time",0.4,1.0,1,3.75
243,"free time",0.4,1.0,1,3.75
243,"high",0.4,1.0,1,3.75
243,"high",0.4,1.0,1,3.75
243,"medium",0.4,1.0,1,3.75
248,"high",0.8,0.75,0,4.875
248,"medium",0.8,0.5,1,4.875
248,"high",0.8,0.75,0,4.875
248,"free time",0.8,0.5,1,4.875
248,"medium",0.8,0.5,1,4.875
248,"free time",0.8,0.75,1,4.875
248,"medium",0.8,0.75,1,4.875
248,"high",0.8,1.0,0,4.875
248,"free time",0.8,0.75,1,4.875
248,"high",0.8,0.75,0,4.875
248,"free time",0.8,0.5,1,4.875
248,"medium",0.8,0.5,1,4.875
251,"high",0.8,0.75,0,2.6875
251,"medium",0.8,0.5,1,2.6875
251,"high",0.8,0.75,0,2.6875
251,"free time",0.8,0.5,1,2.6875
251,"medium",0.8,0.5,1,2.6875
251,"free time",0.8,0.75,1,2.6875
251,"medium",0.8,0.75,1,2.6875
251,"high",0.8,1.0,0,2.6875
251,"free time",0.8,0.75,1,2.6875
251,"high",0.8,0.75,0,2.6875
251,"free time",0.8,0.5,1,2.6875
251,"medium",0.8,0.5,1,2.6875
253,"high",1.0,0.0,0,2.4375
253,"medium",1.0,0.0,0,2.4375
253,"high",1.0,0.0,0,2.4375
253,"medium",1.0,0.0,0,2.4375
253,"free time",1.0,0.0,0,2.4375
253,"medium",1.0,0.0,0,2.4375
253,"free time",1.0,0.0,0,2.4375
253,"medium",1.0,0.0,0,2.4375
253,"free time",1.0,0.0,0,2.4375
253,"high",1.0,0.0,0,2.4375
253,"free time",1.0,0.0,0,2.4375
253,"high",1.0,0.0,0,2.4375
253,"free time",1.0,0.0,0,2.4375
253,"high",1.0,0.0,0,2.4375
253,"medium",1.0,0.0,0,2.4375
271,"medium",0.4,1.0,0,3.5625
271,"free time",0.4,0.5,0,3.5625
271,"free time",0.4,0.0,0,3.5625
271,"high",0.4,0.0,0,3.5625
271,"high",0.4,0.0,0,3.5625
271,"medium",0.4,0.0,0,3.5625
272,"high",0.8,0.5,0,3.1875
272,"medium",0.8,0.25,0,3.1875
272,"high",0.8,0.25,0,3.1875
272,"free time",0.8,0.0,0,3.1875
272,"medium",0.8,0.0,0,3.1875
272,"free time",0.8,0.0,0,3.1875
272,"medium",0.8,0.0,0,3.1875
272,"high",0.8,0.0,0,3.1875
272,"free time",0.8,0.0,0,3.1875
272,"high",0.8,0.0,0,3.1875
272,"free time",0.8,0.0,1,3.1875
272,"medium",0.8,0.25,0,3.1875
277,"medium",0.4,0.5,1,3.8125
277,"free time",0.4,1.0,0,3.8125
277,"free time",0.4,0.5,1,3.8125
277,"high",0.4,0.5,0,3.8125
277,"high",0.4,0.5,0,3.8125
277,"medium",0.4,0.0,0,3.8125
278,"high",0.8,0.0,0,3.4375
278,"medium",0.8,0.0,0,3.4375
278,"high",0.8,0.0,0,3.4375
278,"free time",0.8,0.0,0,3.4375
278,"medium",0.8,0.0,0,3.4375
278,"free time",0.8,0.0,0,3.4375
278,"medium",0.8,0.0,0,3.4375
278,"high",0.8,0.0,0,3.4375
278,"free time",0.8,0.0,0,3.4375
278,"high",0.8,0.0,0,3.4375
278,"free time",0.8,0.0,0,3.4375
278,"medium",0.8,0.0,0,3.4375
280,"medium",0.6,0.0,0,4.4375
280,"high",0.6,0.0,0,4.4375
280,"free time",0.6,0.0,0,4.4375
280,"free time",0.6,0.0,1,4.4375
280,"medium",0.6,0.3333333333333333,1,4.4375
280,"high",0.6,0.6666666666666666,0,4.4375
280,"high",0.6,0.6666666666666666,0,4.4375
280,"free time",0.6,0.3333333333333333,0,4.4375
280,"medium",0.6,0.0,0,4.4375
281,"free time",0.2,1.0,0,4.125
281,"high",0.2,0.0,1,4.125
281,"medium",0.2,1.0,0,4.125
283,"high",1.0,0.4,0,2.875
283,"medium",1.0,0.2,0,2.875
283,"high",1.0,0.2,0,2.875
283,"medium",1.0,0.0,0,2.875
283,"free time",1.0,0.0,1,2.875
283,"medium",1.0,0.2,0,2.875
283,"free time",1.0,0.2,1,2.875
283,"medium",1.0,0.4,0,2.875
283,"free time",1.0,0.4,1,2.875
283,"high",1.0,0.6,0,2.875
283,"free time",1.0,0.4,0,2.875
283,"high",1.0,0.4,0,2.875
283,"free time",1.0,0.2,1,2.875
283,"high",1.0,0.4,0,2.875
283,"medium",1.0,0.2,0,2.875
288,"medium",0.4,0.0,0,4.0625
288,"free time",0.4,0.0,0,4.0625
288,"free time",0.4,0.0,0,4.0625
288,"high",0.4,0.0,0,4.0625
288,"high",0.4,0.0,0,4.0625
288,"medium",0.4,0.0,0,4.0625
286,"free time",0.2,0.0,0,3.125
286,"high",0.2,0.0,0,3.125
286,"medium",0.2,0.0,0,3.125
287,"free time",0.2,0.0,0,3.625
287,"high",0.2,0.0,0,3.625
287,"medium",0.2,0.0,0,3.625
293,"medium",0.4,0.5,0,3.25
293,"free time",0.4,0.5,0,3.25
293,"free time",0.4,0.0,1,3.25
293,"high",0.4,0.5,0,3.25
293,"high",0.4,0.5,0,3.25
293,"medium",0.4,0.0,0,3.25
294,"medium",0.6,0.3333333333333333,0,4.625
294,"high",0.6,0.3333333333333333,0,4.625
294,"free time",0.6,0.3333333333333333,1,4.625
294,"free time",0.6,0.3333333333333333,1,4.625
294,"medium",0.6,0.6666666666666666,0,4.625
294,"high",0.6,0.6666666666666666,0,4.625
294,"high",0.6,0.3333333333333333,0,4.625
294,"free time",0.6,0.0,1,4.625
294,"medium",0.6,0.3333333333333333,0,4.625
298,"high",0.8,0.0,0,3.125
298,"medium",0.8,0.0,0,3.125
298,"high",0.8,0.0,0,3.125
298,"free time",0.8,0.0,1,3.125
298,"medium",0.8,0.25,0,3.125
298,"free time",0.8,0.25,1,3.125
298,"medium",0.8,0.5,0,3.125
298,"high",0.8,0.5,0,3.125
298,"free time",0.8,0.25,0,3.125
298,"high",0.8,0.25,0,3.125
298,"free time",0.8,0.0,1,3.125
298,"medium",0.8,0.25,0,3.125
297,"medium",0.4,1.0,0,2.8125
297,"free time",0.4,0.5,0,2.8125
297,"free time",0.4,0.0,1,2.8125
297,"high",0.4,0.5,1,2.8125
297,"high",0.4,1.0,0,2.8125
297,"medium",0.4,0.5,0,2.8125
296,"free time",0.2,0.0,1,3.6875
296,"high",0.2,1.0,0,3.6875
296,"medium",0.2,0.0,1,3.6875
301,"medium",0.4,0.0,1,3.875
301,"free time",0.4,0.5,1,3.875
301,"free time",0.4,1.0,0,3.875
301,"high",0.4,0.5,0,3.875
301,"high",0.4,0.0,0,3.875
301,"medium",0.4,0.0,0,3.875
304,"medium",0.6,0.0,0,4.125
304,"high",0.6,0.0,0,4.125
304,"free time",0.6,0.0,1,4.125
304,"free time",0.6,0.3333333333333333,1,4.125
304,"medium",0.6,0.6666666666666666,0,4.125
304,"high",0.6,0.6666666666666666,0,4.125
304,"high",0.6,0.3333333333333333,0,4.125
304,"free time",0.6,0.0,0,4.125
304,"medium",0.6,0.0,0,4.125
310,"medium",0.6,0.6666666666666666,0,3.875
310,"high",0.6,0.6666666666666666,1,3.875
310,"free time",0.6,0.6666666666666666,1,3.875
310,"free time",0.6,0.6666666666666666,1,3.875
310,"medium",0.6,1.0,1,3.875
310,"high",0.6,1.0,0,3.875
310,"high",0.6,0.6666666666666666,1,3.875
310,"free time",0.6,0.6666666666666666,1,3.875
310,"medium",0.6,0.6666666666666666,1,3.875
312,"free time",0.2,0.0,1,4.375
312,"high",0.2,1.0,0,4.375
312,"medium",0.2,0.0,0,4.375
317,"medium",0.4,0.0,0,3.9375
317,"free time",0.4,0.0,0,3.9375
317,"free time",0.4,0.0,0,3.9375
317,"high",0.4,0.0,0,3.9375
317,"high",0.4,0.0,0,3.9375
317,"medium",0.4,0.0,0,3.9375
318,"high",0.8,0.75,0,4.8125
318,"medium",0.8,0.5,0,4.8125
318,"high",0.8,0.5,0,4.8125
318,"free time",0.8,0.25,1,4.8125
318,"medium",0.8,0.25,1,4.8125
318,"free time",0.8,0.5,1,4.8125
318,"medium",0.8,0.75,1,4.8125
318,"high",0.8,1.0,0,4.8125
318,"free time",0.8,0.75,0,4.8125
318,"high",0.8,0.5,0,4.8125
318,"free time",0.8,0.25,1,4.8125
318,"medium",0.8,0.25,0,4.8125
325,"high",0.8,0.0,0,3.0625
325,"medium",0.8,0.0,0,3.0625
325,"high",0.8,0.0,0,3.0625
325,"free time",0.8,0.0,0,3.0625
325,"medium",0.8,0.0,0,3.0625
325,"free time",0.8,0.0,0,3.0625
325,"medium",0.8,0.0,0,3.0625
325,"high",0.8,0.0,1,3.0625
325,"free time",0.8,0.25,0,3.0625
325,"high",0.8,0.25,0,3.0625
325,"free time",0.8,0.25,0,3.0625
325,"medium",0.8,0.25,0,3.0625
327,"high",0.8,0.5,0,2.8125
327,"medium",0.8,0.25,1,2.8125
327,"high",0.8,0.5,1,2.8125
327,"free time",0.8,0.5,0,2.8125
327,"medium",0.8,0.5,1,2.8125
327,"free time",0.8,0.75,1,2.8125
327,"medium",0.8,0.75,1,2.8125
327,"high",0.8,0.75,0,2.8125
327,"free time",0.8,0.75,1,2.8125
327,"high",0.8,0.75,0,2.8125
327,"free time",0.8,0.5,0,2.8125
327,"medium",0.8,0.25,1,2.8125
332,"high",1.0,0.2,0,3.375
332,"medium",1.0,0.2,1,3.375
332,"high",1.0,0.4,0,3.375
332,"medium",1.0,0.4,1,3.375
332,"free time",1.0,0.6,0,3.375
332,"medium",1.0,0.4,1,3.375
332,"free time",1.0,0.6,0,3.375
332,"medium",1.0,0.4,1,3.375
332,"free time",1.0,0.6,0,3.375
332,"high",1.0,0.4,0,3.375
332,"free time",1.0,0.4,1,3.375
332,"high",1.0,0.4,0,3.375
332,"free time",1.0,0.4,1,3.375
332,"high",1.0,0.4,0,3.375
332,"medium",1.0,0.4,1,3.375
335,"medium",0.6,0.3333333333333333,0,4.8125
335,"high",0.6,0.3333333333333333,0,4.8125
335,"free time",0.6,0.0,1,4.8125
335,"free time",0.6,0.3333333333333333,1,4.8125
335,"medium",0.6,0.6666666666666666,0,4.8125
335,"high",0.6,0.6666666666666666,0,4.8125
335,"high",0.6,0.3333333333333333,0,4.8125
335,"free time",0.6,0.0,1,4.8125
335,"medium",0.6,0.3333333333333333,0,4.8125
336,"free time",0.2,1.0,1,3.25
336,"high",0.2,1.0,0,3.25
336,"medium",0.2,0.0,0,3.25
346,"high",1.0,0.6,0,3.625
346,"medium",1.0,0.4,0,3.625
346,"high",1.0,0.4,0,3.625
346,"medium",1.0,0.4,1,3.625
346,"free time",1.0,0.4,0,3.625
346,"medium",1.0,0.2,1,3.625
346,"free time",1.0,0.4,1,3.625
346,"medium",1.0,0.6,1,3.625
346,"free time",1.0,0.8,1,3.625
346,"high",1.0,0.8,0,3.625
346,"free time",1.0,0.8,0,3.625
346,"high",1.0,0.6,0,3.625
346,"free time",1.0,0.4,1,3.625
346,"high",1.0,0.4,0,3.625
346,"medium",1.0,0.2,0,3.625
352,"high",0.8,0.5,0,4.125
352,"medium",0.8,0.25,0,4.125
352,"high",0.8,0.25,0,4.125
352,"free time",0.8,0.25,1,4.125
352,"medium",0.8,0.25,1,4.125
352,"free time",0.8,0.5,1,4.125
352,"medium",0.8,0.75,1,4.125
352,"high",0.8,1.0,0,4.125
352,"free time",0.8,0.75,1,4.125
352,"high",0.8,0.75,0,4.125
352,"free time",0.8,0.5,1,4.125
352,"medium",0.8,0.5,1,4.125
359,"medium",0.6,0.0,0,3.125
359,"high",0.6,0.0,0,3.125
359,"free time",0.6,0.0,0,3.125
359,"free time",0.6,0.0,0,3.125
359,"medium",0.6,0.0,0,3.125
359,"high",0.6,0.0,0,3.125
359,"high",0.6,0.0,0,3.125
359,"free time",0.6,0.0,0,3.125
359,"medium",0.6,0.0,0,3.125
367,"high",1.0,0.0,0,3.0
367,"medium",1.0,0.0,0,3.0
367,"high",1.0,0.0,0,3.0
367,"medium",1.0,0.0,0,3.0
367,"free time",1.0,0.0,0,3.0
367,"medium",1.0,0.0,0,3.0
367,"free time",1.0,0.0,0,3.0
367,"medium",1.0,0.0,0,3.0
367,"free time",1.0,0.0,0,3.0
367,"high",1.0,0.0,0,3.0
367,"free time",1.0,0.0,0,3.0
367,"high",1.0,0.0,0,3.0
367,"free time",1.0,0.0,0,3.0
367,"high",1.0,0.0,0,3.0
367,"medium",1.0,0.0,0,3.0
380,"medium",0.6,0.6666666666666666,1,3.3125
380,"high",0.6,1.0,0,3.3125
380,"free time",0.6,0.6666666666666666,1,3.3125
380,"free time",0.6,0.6666666666666666,1,3.3125
380,"medium",0.6,0.6666666666666666,1,3.3125
380,"high",0.6,1.0,1,3.3125
380,"high",0.6,1.0,1,3.3125
380,"free time",0.6,1.0,1,3.3125
380,"medium",0.6,1.0,1,3.3125
391,"high",1.0,0.0,0,3.6875
391,"medium",1.0,0.0,0,3.6875
391,"high",1.0,0.0,0,3.6875
391,"medium",1.0,0.0,0,3.6875
391,"free time",1.0,0.0,0,3.6875
391,"medium",1.0,0.0,0,3.6875
391,"free time",1.0,0.0,1,3.6875
391,"medium",1.0,0.2,0,3.6875
391,"free time",1.0,0.2,1,3.6875
391,"high",1.0,0.4,0,3.6875
391,"free time",1.0,0.4,1,3.6875
391,"high",1.0,0.6,0,3.6875
391,"free time",1.0,0.4,1,3.6875
391,"high",1.0,0.6,0,3.6875
391,"medium",1.0,0.4,0,3.6875
386,"free time",0.2,1.0,0,2.4375
386,"high",0.2,0.0,0,2.4375
386,"medium",0.2,0.0,0,2.4375
397,"medium",0.6,0.3333333333333333,0,4.5
397,"high",0.6,0.3333333333333333,0,4.5
397,"free time",0.6,0.0,1,4.5
397,"free time",0.6,0.3333333333333333,1,4.5
397,"medium",0.6,0.6666666666666666,0,4.5
397,"high",0.6,0.6666666666666666,0,4.5
397,"high",0.6,0.3333333333333333,0,4.5
397,"free time",0.6,0.0,1,4.5
397,"medium",0.6,0.3333333333333333,0,4.5
395,"free time",0.2,0.0,0,3.375
395,"high",0.2,0.0,0,3.375
395,"medium",0.2,0.0,0,3.375
403,"high",1.0,0.2,0,2.1875
403,"medium",1.0,0.0,0,2.1875
403,"high",1.0,0.0,0,2.1875
403,"medium",1.0,0.0,0,2.1875
403,"free time",1.0,0.0,0,2.1875
403,"medium",1.0,0.0,0,2.1875
403,"free time",1.0,0.0,0,2.1875
403,"medium",1.0,0.0,0,2.1875
403,"free time",1.0,0.0,1,2.1875
403,"high",1.0,0.2,0,2.1875
403,"free time",1.0,0.2,0,2.1875
403,"high",1.0,0.2,0,2.1875
403,"free time",1.0,0.2,0,2.1875
403,"high",1.0,0.2,0,2.1875
403,"medium",1.0,0.0,0,2.1875
406,"medium",0.4,0.5,1,4.4375
406,"free time",0.4,1.0,1,4.4375
406,"free time",0.4,1.0,1,4.4375
406,"high",0.4,1.0,1,4.4375
406,"high",0.4,1.0,0,4.4375
406,"medium",0.4,0.5,0,4.4375
413,"medium",0.6,0.0,0,2.6875
413,"high",0.6,0.0,0,2.6875
413,"free time",0.6,0.0,0,2.6875
413,"free time",0.6,0.0,0,2.6875
413,"medium",0.6,0.0,0,2.6875
413,"high",0.6,0.0,0,2.6875
413,"high",0.6,0.0,0,2.6875
413,"free time",0.6,0.0,0,2.6875
413,"medium",0.6,0.0,0,2.6875
418,"high",1.0,0.4,0,1.875
418,"medium",1.0,0.2,0,1.875
418,"high",1.0,0.2,0,1.875
418,"medium",1.0,0.0,1,1.875
418,"free time",1.0,0.2,1,1.875
418,"medium",1.0,0.4,1,1.875
418,"free time",1.0,0.6,0,1.875
418,"medium",1.0,0.6,1,1.875
418,"free time",1.0,0.8,1,1.875
418,"high",1.0,0.8,0,1.875
418,"free time",1.0,0.6,1,1.875
418,"high",1.0,0.6,0,1.875
418,"free time",1.0,0.6,1,1.875
418,"high",1.0,0.6,0,1.875
418,"medium",1.0,0.4,1,1.875
412,"medium",0.4,0.0,0,2.6875
412,"free time",0.4,0.0,0,2.6875
412,"free time",0.4,0.0,0,2.6875
412,"high",0.4,0.0,0,2.6875
412,"high",0.4,0.0,0,2.6875
412,"medium",0.4,0.0,0,2.6875
422,"high",0.8,0.0,0,2.6875
422,"medium",0.8,0.0,0,2.6875
422,"high",0.8,0.0,0,2.6875
422,"free time",0.8,0.0,0,2.6875
422,"medium",0.8,0.0,0,2.6875
422,"free time",0.8,0.0,0,2.6875
422,"medium",0.8,0.0,0,2.6875
422,"high",0.8,0.0,0,2.6875
422,"free time",0.8,0.0,0,2.6875
422,"high",0.8,0.0,0,2.6875
422,"free time",0.8,0.0,0,2.6875
422,"medium",0.8,0.0,0,2.6875
424,"free time",0.2,1.0,1,3.5
424,"high",0.2,1.0,1,3.5
424,"medium",0.2,1.0,1,3.5
425,"high",1.0,0.2,0,4.1875
425,"medium",1.0,0.0,0,4.1875
425,"high",1.0,0.0,0,4.1875
425,"medium",1.0,0.0,0,4.1875
425,"free time",1.0,0.0,0,4.1875
425,"medium",1.0,0.0,0,4.1875
425,"free time",1.0,0.0,0,4.1875
425,"medium",1.0,0.0,0,4.1875
425,"free time",1.0,0.0,0,4.1875
425,"high",1.0,0.0,0,4.1875
425,"free time",1.0,0.0,0,4.1875
425,"high",1.0,0.0,0,4.1875
425,"free time",1.0,0.0,1,4.1875
425,"high",1.0,0.2,0,4.1875
425,"medium",1.0,0.2,0,4.1875
428,"medium",0.6,0.0,1,3.5625
428,"high",0.6,0.3333333333333333,0,3.5625
428,"free time",0.6,0.3333333333333333,0,3.5625
428,"free time",0.6,0.3333333333333333,0,3.5625
428,"medium",0.6,0.0,0,3.5625
428,"high",0.6,0.0,0,3.5625
428,"high",0.6,0.0,0,3.5625
428,"free time",0.6,0.0,0,3.5625
428,"medium",0.6,0.0,0,3.5625
449,"free time",0.2,0.0,0,4.125
449,"high",0.2,0.0,0,4.125
449,"medium",0.2,0.0,0,4.125
444,"medium",0.4,0.0,0,3.5625
444,"free time",0.4,0.0,0,3.5625
444,"free time",0.4,0.0,0,3.5625
444,"high",0.4,0.0,0,3.5625
444,"high",0.4,0.0,0,3.5625
444,"medium",0.4,0.0,0,3.5625
429,"free time",0.2,1.0,1,3.5
429,"high",0.2,1.0,0,3.5
429,"medium",0.2,0.0,0,3.5
446,"high",0.8,0.75,1,3.5
446,"medium",0.8,0.75,1,3.5
446,"high",0.8,1.0,0,3.5
446,"free time",0.8,0.75,0,3.5
446,"medium",0.8,0.5,1,3.5
446,"free time",0.8,0.5,1,3.5
446,"medium",0.8,0.5,1,3.5
446,"high",0.8,0.75,0,3.5
446,"free time",0.8,0.75,1,3.5
446,"high",0.8,0.75,0,3.5
446,"free time",0.8,0.5,0,3.5
446,"medium",0.8,0.25,1,3.5
442,"high",1.0,0.0,0,2.5
442,"medium",1.0,0.0,0,2.5
442,"high",1.0,0.0,0,2.5
442,"medium",1.0,0.0,0,2.5
442,"free time",1.0,0.0,0,2.5
442,"medium",1.0,0.0,0,2.5
442,"free time",1.0,0.0,0,2.5
442,"medium",1.0,0.0,0,2.5
442,"free time",1.0,0.0,0,2.5
442,"high",1.0,0.0,0,2.5
442,"free time",1.0,0.0,0,2.5
442,"high",1.0,0.0,0,2.5
442,"free time",1.0,0.0,0,2.5
442,"high",1.0,0.0,0,2.5
442,"medium",1.0,0.0,0,2.5
455,"free time",0.2,1.0,0,3.125
455,"high",0.2,0.0,0,3.125
455,"medium",0.2,0.0,1,3.125
461,"medium",0.4,0.0,0,3.0625
461,"free time",0.4,0.0,1,3.0625
461,"free time",0.4,0.5,1,3.0625
461,"high",0.4,1.0,0,3.0625
461,"high",0.4,0.5,0,3.0625
461,"medium",0.4,0.0,1,3.0625
457,"medium",0.4,0.0,0,1.6875
457,"free time",0.4,0.0,0,1.6875
457,"free time",0.4,0.0,0,1.6875
457,"high",0.4,0.0,0,1.6875
457,"high",0.4,0.0,0,1.6875
457,"medium",0.4,0.0,0,1.6875
463,"high",0.8,0.75,0,4.1875
463,"medium",0.8,0.5,0,4.1875
463,"high",0.8,0.5,0,4.1875
463,"free time",0.8,0.25,1,4.1875
463,"medium",0.8,0.25,0,4.1875
463,"free time",0.8,0.25,1,4.1875
463,"medium",0.8,0.5,0,4.1875
463,"high",0.8,0.5,1,4.1875
463,"free time",0.8,0.5,1,4.1875
463,"high",0.8,0.75,0,4.1875
463,"free time",0.8,0.5,1,4.1875
463,"medium",0.8,0.75,0,4.1875
456,"high",1.0,0.0,0,3.875
456,"medium",1.0,0.0,0,3.875
456,"high",1.0,0.0,0,3.875
456,"medium",1.0,0.0,0,3.875
456,"free time",1.0,0.0,1,3.875
456,"medium",1.0,0.2,0,3.875
456,"free time",1.0,0.2,1,3.875
456,"medium",1.0,0.4,0,3.875
456,"free time",1.0,0.4,1,3.875
456,"high",1.0,0.6,0,3.875
456,"free time",1.0,0.4,1,3.875
456,"high",1.0,0.6,0,3.875
456,"free time",1.0,0.4,1,3.875
456,"high",1.0,0.6,0,3.875
456,"medium",1.0,0.4,0,3.875
466,"free time",0.2,1.0,1,4.0
466,"high",0.2,1.0,0,4.0
466,"medium",0.2,0.0,1,4.0
458,"high",0.8,0.5,0,4.5625
458,"medium",0.8,0.25,0,4.5625
458,"high",0.8,0.25,0,4.5625
458,"free time",0.8,0.0,1,4.5625
458,"medium",0.8,0.25,1,4.5625
458,"free time",0.8,0.5,1,4.5625
458,"medium",0.8,0.75,0,4.5625
458,"high",0.8,0.75,0,4.5625
458,"free time",0.8,0.5,1,4.5625
458,"high",0.8,0.5,0,4.5625
458,"free time",0.8,0.25,0,4.5625
458,"medium",0.8,0.25,1,4.5625
467,"medium",0.4,0.5,0,3.1875
467,"free time",0.4,0.0,0,3.1875
467,"free time",0.4,0.0,0,3.1875
467,"high",0.4,0.0,0,3.1875
467,"high",0.4,0.0,0,3.1875
467,"medium",0.4,0.0,0,3.1875
437,"high",1.0,0.2,0,3.6875
437,"medium",1.0,0.2,0,3.6875
437,"high",1.0,0.2,0,3.6875
437,"medium",1.0,0.0,0,3.6875
437,"free time",1.0,0.0,0,3.6875
437,"medium",1.0,0.0,0,3.6875
437,"free time",1.0,0.0,0,3.6875
437,"medium",1.0,0.0,0,3.6875
437,"free time",1.0,0.0,1,3.6875
437,"high",1.0,0.2,0,3.6875
437,"free time",1.0,0.2,0,3.6875
437,"high",1.0,0.2,0,3.6875
437,"free time",1.0,0.2,0,3.6875
437,"high",1.0,0.2,0,3.6875
437,"medium",1.0,0.0,0,3.6875
464,"medium",0.4,0.0,0,2.375
464,"free time",0.4,0.0,0,2.375
464,"free time",0.4,0.0,0,2.375
464,"high",0.4,0.0,0,2.375
464,"high",0.4,0.0,0,2.375
464,"medium",0.4,0.0,0,2.375
469,"medium",0.6,0.0,0,1.4375
469,"high",0.6,0.0,0,1.4375
469,"free time",0.6,0.0,1,1.4375
469,"free time",0.6,0.3333333333333333,1,1.4375
469,"medium",0.6,0.6666666666666666,1,1.4375
469,"high",0.6,1.0,0,1.4375
469,"high",0.6,0.6666666666666666,0,1.4375
469,"free time",0.6,0.3333333333333333,1,1.4375
469,"medium",0.6,0.3333333333333333,0,1.4375
470,"free time",0.2,0.0,1,3.0
470,"high",0.2,1.0,0,3.0
470,"medium",0.2,0.0,0,3.0
473,"high",1.0,0.0,0,4.75
473,"medium",1.0,0.0,0,4.75
473,"high",1.0,0.0,0,4.75
473,"medium",1.0,0.0,0,4.75
473,"free time",1.0,0.0,0,4.75
473,"medium",1.0,0.0,0,4.75
473,"free time",1.0,0.0,0,4.75
473,"medium",1.0,0.0,0,4.75
473,"free time",1.0,0.0,0,4.75
473,"high",1.0,0.0,0,4.75
473,"free time",1.0,0.0,0,4.75
473,"high",1.0,0.0,0,4.75
473,"free time",1.0,0.0,0,4.75
473,"high",1.0,0.0,0,4.75
473,"medium",1.0,0.0,0,4.75
475,"medium",0.6,0.6666666666666666,1,4.0625
475,"high",0.6,1.0,1,4.0625
475,"free time",0.6,1.0,1,4.0625
475,"free time",0.6,1.0,1,4.0625
475,"medium",0.6,1.0,1,4.0625
475,"high",0.6,1.0,1,4.0625
475,"high",0.6,1.0,0,4.0625
475,"free time",0.6,0.6666666666666666,1,4.0625
475,"medium",0.6,0.6666666666666666,1,4.0625
476,"free time",0.2,0.0,1,2.8125
476,"high",0.2,1.0,0,2.8125
476,"medium",0.2,0.0,1,2.8125
478,"free time",0.2,0.0,0,2.0
478,"high",0.2,0.0,0,2.0
478,"medium",0.2,0.0,0,2.0
515,"high",0.8,0.25,0,3.625
515,"medium",0.8,0.0,0,3.625
515,"high",0.8,0.0,0,3.625
515,"free time",0.8,0.0,0,3.625
515,"medium",0.8,0.0,0,3.625
515,"free time",0.8,0.0,0,3.625
515,"medium",0.8,0.0,0,3.625
515,"high",0.8,0.0,0,3.625
515,"free time",0.8,0.0,0,3.625
515,"high",0.8,0.0,0,3.625
515,"free time",0.8,0.0,0,3.625
515,"medium",0.8,0.0,0,3.625
513,"high",1.0,0.0,0,3.375
513,"medium",1.0,0.0,0,3.375
513,"high",1.0,0.0,0,3.375
513,"medium",1.0,0.0,0,3.375
513,"free time",1.0,0.0,0,3.375
513,"medium",1.0,0.0,0,3.375
513,"free time",1.0,0.0,0,3.375
513,"medium",1.0,0.0,0,3.375
513,"free time",1.0,0.0,0,3.375
513,"high",1.0,0.0,0,3.375
513,"free time",1.0,0.0,0,3.375
513,"high",1.0,0.0,0,3.375
513,"free time",1.0,0.0,0,3.375
513,"high",1.0,0.0,0,3.375
513,"medium",1.0,0.0,0,3.375
504,"medium",0.6,0.0,0,3.75
504,"high",0.6,0.0,0,3.75
504,"free time",0.6,0.0,1,3.75
504,"free time",0.6,0.3333333333333333,0,3.75
504,"medium",0.6,0.3333333333333333,0,3.75
504,"high",0.6,0.3333333333333333,0,3.75
504,"high",0.6,0.0,0,3.75
504,"free time",0.6,0.0,1,3.75
504,"medium",0.6,0.3333333333333333,0,3.75
508,"medium",0.6,0.6666666666666666,1,3.25
508,"high",0.6,1.0,0,3.25
508,"free time",0.6,0.6666666666666666,1,3.25
508,"free time",0.6,0.6666666666666666,1,3.25
508,"medium",0.6,0.6666666666666666,1,3.25
508,"high",0.6,1.0,1,3.25
508,"high",0.6,1.0,0,3.25
508,"free time",0.6,0.6666666666666666,1,3.25
508,"medium",0.6,0.6666666666666666,1,3.25
506,"medium",0.4,0.0,0,3.25
506,"free time",0.4,0.0,0,3.25
506,"free time",0.4,0.0,0,3.25
506,"high",0.4,0.0,0,3.25
506,"high",0.4,0.0,0,3.25
506,"medium",0.4,0.0,0,3.25
501,"high",0.8,0.25,0,1.25
501,"medium",0.8,0.25,0,1.25
501,"high",0.8,0.25,0,1.25
501,"free time",0.8,0.0,1,1.25
501,"medium",0.8,0.25,0,1.25
501,"free time",0.8,0.25,1,1.25
501,"medium",0.8,0.5,0,1.25
501,"high",0.8,0.5,0,1.25
501,"free time",0.8,0.25,1,1.25
501,"high",0.8,0.5,0,1.25
501,"free time",0.8,0.25,1,1.25
501,"medium",0.8,0.5,0,1.25
512,"medium",0.6,0.0,0,3.1875
512,"high",0.6,0.0,0,3.1875
512,"free time",0.6,0.0,0,3.1875
512,"free time",0.6,0.0,0,3.1875
512,"medium",0.6,0.0,0,3.1875
512,"high",0.6,0.0,0,3.1875
512,"high",0.6,0.0,0,3.1875
512,"free time",0.6,0.0,0,3.1875
512,"medium",0.6,0.0,0,3.1875
503,"medium",0.6,0.0,0,4.5
503,"high",0.6,0.0,0,4.5
503,"free time",0.6,0.0,0,4.5
503,"free time",0.6,0.0,0,4.5
503,"medium",0.6,0.0,0,4.5
503,"high",0.6,0.0,0,4.5
503,"high",0.6,0.0,0,4.5
503,"free time",0.6,0.0,0,4.5
503,"medium",0.6,0.0,0,4.5
517,"high",1.0,0.6,0,3.5625
517,"medium",1.0,0.4,0,3.5625
517,"high",1.0,0.4,0,3.5625
517,"medium",1.0,0.2,1,3.5625
517,"free time",1.0,0.4,1,3.5625
517,"medium",1.0,0.4,1,3.5625
517,"free time",1.0,0.6,1,3.5625
517,"medium",1.0,0.8,0,3.5625
517,"free time",1.0,0.8,0,3.5625
517,"high",1.0,0.6,0,3.5625
517,"free time",1.0,0.4,0,3.5625
517,"high",1.0,0.2,0,3.5625
517,"free time",1.0,0.0,1,3.5625
517,"high",1.0,0.2,0,3.5625
517,"medium",1.0,0.2,0,3.5625
526,"high",0.8,0.75,1,3.625
526,"medium",0.8,1.0,1,3.625
526,"high",0.8,1.0,1,3.625
526,"free time",0.8,1.0,1,3.625
526,"medium",0.8,1.0,1,3.625
526,"free time",0.8,1.0,1,3.625
526,"medium",0.8,1.0,1,3.625
526,"high",0.8,1.0,1,3.625
526,"free time",0.8,1.0,1,3.625
526,"high",0.8,1.0,1,3.625
526,"free time",0.8,1.0,1,3.625
526,"medium",0.8,1.0,1,3.625
507,"free time",0.2,0.0,0,3.25
507,"high",0.2,0.0,0,3.25
507,"medium",0.2,0.0,0,3.25
525,"high",0.8,0.5,0,2.0
525,"medium",0.8,0.25,0,2.0
525,"high",0.8,0.25,0,2.0
525,"free time",0.8,0.0,0,2.0
525,"medium",0.8,0.0,0,2.0
525,"free time",0.8,0.0,1,2.0
525,"medium",0.8,0.25,0,2.0
525,"high",0.8,0.25,0,2.0
525,"free time",0.8,0.25,0,2.0
525,"high",0.8,0.25,0,2.0
525,"free time",0.8,0.0,0,2.0
525,"medium",0.8,0.0,0,2.0
519,"high",1.0,0.2,0,3.125
519,"medium",1.0,0.2,0,3.125
519,"high",1.0,0.2,0,3.125
519,"medium",1.0,0.2,0,3.125
519,"free time",1.0,0.2,1,3.125
519,"medium",1.0,0.2,1,3.125
519,"free time",1.0,0.4,0,3.125
519,"medium",1.0,0.4,0,3.125
519,"free time",1.0,0.4,0,3.125
519,"high",1.0,0.4,0,3.125
519,"free time",1.0,0.2,1,3.125
519,"high",1.0,0.2,0,3.125
519,"free time",1.0,0.2,1,3.125
519,"high",1.0,0.4,0,3.125
519,"medium",1.0,0.4,0,3.125
527,"high",0.8,0.5,0,2.5625
527,"medium",0.8,0.25,0,2.5625
527,"high",0.8,0.25,0,2.5625
527,"free time",0.8,0.0,0,2.5625
527,"medium",0.8,0.0,0,2.5625
527,"free time",0.8,0.0,1,2.5625
527,"medium",0.8,0.25,0,2.5625
527,"high",0.8,0.25,0,2.5625
527,"free time",0.8,0.25,0,2.5625
527,"high",0.8,0.25,0,2.5625
527,"free time",0.8,0.0,0,2.5625
527,"medium",0.8,0.0,0,2.5625
520,"medium",0.4,0.0,0,5.0
520,"free time",0.4,0.0,0,5.0
520,"free time",0.4,0.0,0,5.0
520,"high",0.4,0.0,0,5.0
520,"high",0.4,0.0,0,5.0
520,"medium",0.4,0.0,0,5.0
529,"free time",0.2,1.0,1,2.5625
529,"high",0.2,1.0,0,2.5625
529,"medium",0.2,0.0,1,2.5625
505,"medium",0.4,0.0,0,3.8125
505,"free time",0.4,0.0,0,3.8125
505,"free time",0.4,0.0,0,3.8125
505,"high",0.4,0.0,1,3.8125
505,"high",0.4,0.5,0,3.8125
505,"medium",0.4,0.5,0,3.8125
528,"free time",0.2,0.0,0,2.9375
528,"high",0.2,0.0,0,2.9375
528,"medium",0.2,0.0,0,2.9375
532,"medium",0.4,0.5,0,3.9375
532,"free time",0.4,0.5,0,3.9375
532,"free time",0.4,0.0,1,3.9375
532,"high",0.4,0.5,0,3.9375
532,"high",0.4,0.5,1,3.9375
532,"medium",0.4,0.5,1,3.9375
533,"medium",0.6,0.0,0,3.8125
533,"high",0.6,0.0,0,3.8125
533,"free time",0.6,0.0,0,3.8125
533,"free time",0.6,0.0,0,3.8125
533,"medium",0.6,0.0,0,3.8125
533,"high",0.6,0.0,0,3.8125
533,"high",0.6,0.0,0,3.8125
533,"free time",0.6,0.0,0,3.8125
533,"medium",0.6,0.0,0,3.8125
535,"medium",0.6,0.0,0,3.625
535,"high",0.6,0.0,0,3.625
535,"free time",0.6,0.0,0,3.625
535,"free time",0.6,0.0,0,3.625
535,"medium",0.6,0.0,0,3.625
535,"high",0.6,0.0,0,3.625
535,"high",0.6,0.0,0,3.625
535,"free time",0.6,0.0,0,3.625
535,"medium",0.6,0.0,0,3.625
536,"high",1.0,0.4,0,4.375
536,"medium",1.0,0.4,0,4.375
536,"high",1.0,0.4,0,4.375
536,"medium",1.0,0.2,1,4.375
536,"free time",1.0,0.4,1,4.375
536,"medium",1.0,0.4,0,4.375
536,"free time",1.0,0.4,1,4.375
536,"medium",1.0,0.6,0,4.375
536,"free time",1.0,0.6,1,4.375
536,"high",1.0,0.6,0,4.375
536,"free time",1.0,0.4,1,4.375
536,"high",1.0,0.6,0,4.375
536,"free time",1.0,0.4,1,4.375
536,"high",1.0,0.6,0,4.375
536,"medium",1.0,0.4,0,4.375
537,"medium",0.6,0.6666666666666666,0,3.5
537,"high",0.6,0.6666666666666666,0,3.5
537,"free time",0.6,0.3333333333333333,0,3.5
537,"free time",0.6,0.0,1,3.5
537,"medium",0.6,0.3333333333333333,0,3.5
537,"high",0.6,0.3333333333333333,0,3.5
537,"high",0.6,0.3333333333333333,0,3.5
537,"free time",0.6,0.0,0,3.5
537,"medium",0.6,0.0,0,3.5
540,"high",1.0,0.8,1,3.25
540,"medium",1.0,0.8,0,3.25
540,"high",1.0,0.8,0,3.25
540,"medium",1.0,0.6,1,3.25
540,"free time",1.0,0.6,0,3.25
540,"medium",1.0,0.4,1,3.25
540,"free time",1.0,0.4,1,3.25
540,"medium",1.0,0.6,1,3.25
540,"free time",1.0,0.8,0,3.25
540,"high",1.0,0.6,0,3.25
540,"free time",1.0,0.6,1,3.25
540,"high",1.0,0.6,0,3.25
540,"free time",1.0,0.4,1,3.25
540,"high",1.0,0.4,0,3.25
540,"medium",1.0,0.4,0,3.25
541,"medium",0.6,0.0,0,3.0
541,"high",0.6,0.0,0,3.0
541,"free time",0.6,0.0,0,3.0
541,"free time",0.6,0.0,0,3.0
541,"medium",0.6,0.0,0,3.0
541,"high",0.6,0.0,0,3.0
541,"high",0.6,0.0,0,3.0
541,"free time",0.6,0.0,0,3.0
541,"medium",0.6,0.0,0,3.0
538,"medium",0.4,0.0,0,3.4375
538,"free time",0.4,0.0,0,3.4375
538,"free time",0.4,0.0,0,3.4375
538,"high",0.4,0.0,0,3.4375
538,"high",0.4,0.0,0,3.4375
538,"medium",0.4,0.0,0,3.4375
542,"high",0.8,0.5,0,3.3125
542,"medium",0.8,0.5,0,3.3125
542,"high",0.8,0.5,0,3.3125
542,"free time",0.8,0.25,1,3.3125
542,"medium",0.8,0.25,1,3.3125
542,"free time",0.8,0.5,1,3.3125
542,"medium",0.8,0.75,1,3.3125
542,"high",0.8,1.0,0,3.3125
542,"free time",0.8,0.75,1,3.3125
542,"high",0.8,0.75,0,3.3125
542,"free time",0.8,0.5,0,3.3125
542,"medium",0.8,0.25,1,3.3125
545,"medium",0.6,0.6666666666666666,1,4.9375
545,"high",0.6,1.0,0,4.9375
545,"free time",0.6,0.6666666666666666,1,4.9375
545,"free time",0.6,0.6666666666666666,1,4.9375
545,"medium",0.6,0.6666666666666666,1,4.9375
545,"high",0.6,1.0,0,4.9375
545,"high",0.6,0.6666666666666666,0,4.9375
545,"free time",0.6,0.3333333333333333,0,4.9375
545,"medium",0.6,0.0,1,4.9375
547,"free time",0.2,1.0,1,3.3125
547,"high",0.2,1.0,1,3.3125
547,"medium",0.2,1.0,1,3.3125
560,"high",1.0,0.2,0,3.3125
560,"medium",1.0,0.2,0,3.3125
560,"high",1.0,0.0,0,3.3125
560,"medium",1.0,0.0,0,3.3125
560,"free time",1.0,0.0,0,3.3125
560,"medium",1.0,0.0,0,3.3125
560,"free time",1.0,0.0,0,3.3125
560,"medium",1.0,0.0,0,3.3125
560,"free time",1.0,0.0,0,3.3125
560,"high",1.0,0.0,0,3.3125
560,"free time",1.0,0.0,0,3.3125
560,"high",1.0,0.0,0,3.3125
560,"free time",1.0,0.0,0,3.3125
560,"high",1.0,0.0,0,3.3125
560,"medium",1.0,0.0,0,3.3125
558,"high",0.8,0.0,0,3.1875
558,"medium",0.8,0.0,0,3.1875
558,"high",0.8,0.0,0,3.1875
558,"free time",0.8,0.0,0,3.1875
558,"medium",0.8,0.0,0,3.1875
558,"free time",0.8,0.0,0,3.1875
558,"medium",0.8,0.0,0,3.1875
558,"high",0.8,0.0,0,3.1875
558,"free time",0.8,0.0,0,3.1875
558,"high",0.8,0.0,0,3.1875
558,"free time",0.8,0.0,0,3.1875
558,"medium",0.8,0.0,0,3.1875
559,"high",1.0,0.0,0,3.9375
559,"medium",1.0,0.0,0,3.9375
559,"high",1.0,0.0,0,3.9375
559,"medium",1.0,0.0,0,3.9375
559,"free time",1.0,0.0,0,3.9375
559,"medium",1.0,0.0,0,3.9375
559,"free time",1.0,0.0,0,3.9375
559,"medium",1.0,0.0,0,3.9375
559,"free time",1.0,0.0,0,3.9375
559,"high",1.0,0.0,0,3.9375
559,"free time",1.0,0.0,0,3.9375
559,"high",1.0,0.0,0,3.9375
559,"free time",1.0,0.0,0,3.9375
559,"high",1.0,0.0,0,3.9375
559,"medium",1.0,0.0,0,3.9375
557,"high",0.8,0.25,0,3.6875
557,"medium",0.8,0.25,0,3.6875
557,"high",0.8,0.25,0,3.6875
557,"free time",0.8,0.0,1,3.6875
557,"medium",0.8,0.25,0,3.6875
557,"free time",0.8,0.25,0,3.6875
557,"medium",0.8,0.25,0,3.6875
557,"high",0.8,0.25,0,3.6875
557,"free time",0.8,0.0,1,3.6875
557,"high",0.8,0.25,0,3.6875
557,"free time",0.8,0.25,0,3.6875
557,"medium",0.8,0.25,0,3.6875
572,"medium",0.4,0.5,0,4.125
572,"free time",0.4,0.5,1,4.125
572,"free time",0.4,0.5,1,4.125
572,"high",0.4,1.0,0,4.125
572,"high",0.4,0.5,0,4.125
572,"medium",0.4,0.0,1,4.125
575,"free time",0.2,1.0,1,3.625
575,"high",0.2,1.0,0,3.625
575,"medium",0.2,0.0,1,3.625
